Speed,Battery,Brake,Regeneration
20,20,10,Low
20,20,20,Low
20,20,30,Low
20,20,40,Medium
20,20,50,Medium
20,20,60,Medium
20,20,70,Medium
20,20,80,Medium
20,20,90,Medium
20,20,100,Medium
20,30,10,Low
20,30,20,Low
20,30,30,Low
20,30,40,Low
20,30,50,Medium
20,30,60,Medium
20,30,70,Medium
20,30,80,Medium
20,30,90,Medium
20,30,100,Medium
20,40,10,Low
20,40,20,Low
20,40,30,Low
20,40,40,Low
20,40,50,Medium
20,40,60,Medium
20,40,70,Medium
20,40,80,Medium
20,40,90,Medium
20,40,100,Medium
20,50,10,Low
20,50,20,Low
20,50,30,Low
20,50,40,Low
20,50,50,Low
20,50,60,Medium
20,50,70,Medium
20,50,80,Medium
20,50,90,Medium
20,50,100,Medium
20,60,10,Low
20,60,20,Low
20,60,30,Low
20,60,40,Low
20,60,50,Low
20,60,60,Medium
20,60,70,Medium
20,60,80,Medium
20,60,90,Medium
20,60,100,Medium
20,70,10,Low
20,70,20,Low
20,70,30,Low
20,70,40,Low
20,70,50,Low
20,70,60,Low
20,70,70,Medium
20,70,80,Medium
20,70,90,Medium
20,70,100,Medium
20,80,10,Low
20,80,20,Low
20,80,30,Low
20,80,40,Low
20,80,50,Low
20,80,60,Low
20,80,70,Medium
20,80,80,Medium
20,80,90,Medium
20,80,100,Medium
20,90,10,Low
20,90,20,Low
20,90,30,Low
20,90,40,Low
20,90,50,Low
20,90,60,Low
20,90,70,Low
20,90,80,Medium
20,90,90,Medium
20,90,100,Medium
20,100,10,Low
20,100,20,Low
20,100,30,Low
20,100,40,Low
20,100,50,Low
20,100,60,Low
20,100,70,Low
20,100,80,Medium
20,100,90,Medium
20,100,100,Medium
30,20,10,Low
30,20,20,Low
30,20,30,Medium
30,20,40,Medium
30,20,50,Medium
30,20,60,Medium
30,20,70,Medium
30,20,80,Medium
30,20,90,Medium
30,20,100,Medium
30,30,10,Low
30,30,20,Low
30,30,30,Low
30,30,40,Medium
30,30,50,Medium
30,30,60,Medium
30,30,70,Medium
30,30,80,Medium
30,30,90,Medium
30,30,100,Medium
30,40,10,Low
30,40,20,Low
30,40,30,Low
30,40,40,Medium
30,40,50,Medium
30,40,60,Medium
30,40,70,Medium
30,40,80,Medium
30,40,90,Medium
30,40,100,Medium
30,50,10,Low
30,50,20,Low
30,50,30,Low
30,50,40,Low
30,50,50,Medium
30,50,60,Medium
30,50,70,Medium
30,50,80,Medium
30,50,90,Medium
30,50,100,Medium
30,60,10,Low
30,60,20,Low
30,60,30,Low
30,60,40,Low
30,60,50,Medium
30,60,60,Medium
30,60,70,Medium
30,60,80,Medium
30,60,90,Medium
30,60,100,Medium
30,70,10,Low
30,70,20,Low
30,70,30,Low
30,70,40,Low
30,70,50,Low
30,70,60,Medium
30,70,70,Medium
30,70,80,Medium
30,70,90,Medium
30,70,100,Medium
30,80,10,Low
30,80,20,Low
30,80,30,Low
30,80,40,Low
30,80,50,Low
30,80,60,Medium
30,80,70,Medium
30,80,80,Medium
30,80,90,Medium
30,80,100,Medium
30,90,10,Low
30,90,20,Low
30,90,30,Low
30,90,40,Low
30,90,50,Low
30,90,60,Low
30,90,70,Medium
30,90,80,Medium
30,90,90,Medium
30,90,100,Medium
30,100,10,Low
30,100,20,Low
30,100,30,Low
30,100,40,Low
30,100,50,Low
30,100,60,Low
30,100,70,Medium
30,100,80,Medium
30,100,90,Medium
30,100,100,Medium
40,20,10,Low
40,20,20,Medium
40,20,30,Medium
40,20,40,Medium
40,20,50,Medium
40,20,60,Medium
40,20,70,Medium
40,20,80,Medium
40,20,90,Medium
40,20,100,High
40,30,10,Low
40,30,20,Low
40,30,30,Medium
40,30,40,Medium
40,30,50,Medium
40,30,60,Medium
40,30,70,Medium
40,30,80,Medium
40,30,90,Medium
40,30,100,High
40,40,10,Low
40,40,20,Low
40,40,30,Medium
40,40,40,Medium
40,40,50,Medium
40,40,60,Medium
40,40,70,Medium
40,40,80,Medium
40,40,90,Medium
40,40,100,Medium
40,50,10,Low
40,50,20,Low
40,50,30,Low
40,50,40,Medium
40,50,50,Medium
40,50,60,Medium
40,50,70,Medium
40,50,80,Medium
40,50,90,Medium
40,50,100,Medium
40,60,10,Low
40,60,20,Low
40,60,30,Low
40,60,40,Medium
40,60,50,Medium
40,60,60,Medium
40,60,70,Medium
40,60,80,Medium
40,60,90,Medium
40,60,100,Medium
40,70,10,Low
40,70,20,Low
40,70,30,Low
40,70,40,Low
40,70,50,Medium
40,70,60,Medium
40,70,70,Medium
40,70,80,Medium
40,70,90,Medium
40,70,100,Medium
40,80,10,Low
40,80,20,Low
40,80,30,Low
40,80,40,Low
40,80,50,Medium
40,80,60,Medium
40,80,70,Medium
40,80,80,Medium
40,80,90,Medium
40,80,100,Medium
40,90,10,Low
40,90,20,Low
40,90,30,Low
40,90,40,Low
40,90,50,Low
40,90,60,Medium
40,90,70,Medium
40,90,80,Medium
40,90,90,Medium
40,90,100,Medium
40,100,10,Low
40,100,20,Low
40,100,30,Low
40,100,40,Low
40,100,50,Low
40,100,60,Medium
40,100,70,Medium
40,100,80,Medium
40,100,90,Medium
40,100,100,Medium
50,20,10,Medium
50,20,20,Medium
50,20,30,Medium
50,20,40,Medium
50,20,50,Medium
50,20,60,Medium
50,20,70,Medium
50,20,80,Medium
50,20,90,High
50,20,100,High
50,30,10,Low
50,30,20,Medium
50,30,30,Medium
50,30,40,Medium
50,30,50,Medium
50,30,60,Medium
50,30,70,Medium
50,30,80,Medium
50,30,90,High
50,30,100,High
50,40,10,Low
50,40,20,Medium
50,40,30,Medium
50,40,40,Medium
50,40,50,Medium
50,40,60,Medium
50,40,70,Medium
50,40,80,Medium
50,40,90,Medium
50,40,100,High
50,50,10,Low
50,50,20,Low
50,50,30,Medium
50,50,40,Medium
50,50,50,Medium
50,50,60,Medium
50,50,70,Medium
50,50,80,Medium
50,50,90,Medium
50,50,100,High
50,60,10,Low
50,60,20,Low
50,60,30,Medium
50,60,40,Medium
50,60,50,Medium
50,60,60,Medium
50,60,70,Medium
50,60,80,Medium
50,60,90,Medium
50,60,100,Medium
50,70,10,Low
50,70,20,Low
50,70,30,Low
50,70,40,Medium
50,70,50,Medium
50,70,60,Medium
50,70,70,Medium
50,70,80,Medium
50,70,90,Medium
50,70,100,Medium
50,80,10,Low
50,80,20,Low
50,80,30,Low
50,80,40,Medium
50,80,50,Medium
50,80,60,Medium
50,80,70,Medium
50,80,80,Medium
50,80,90,Medium
50,80,100,Medium
50,90,10,Low
50,90,20,Low
50,90,30,Low
50,90,40,Low
50,90,50,Medium
50,90,60,Medium
50,90,70,Medium
50,90,80,Medium
50,90,90,Medium
50,90,100,Medium
50,100,10,Low
50,100,20,Low
50,100,30,Low
50,100,40,Low
50,100,50,Medium
50,100,60,Medium
50,100,70,Medium
50,100,80,Medium
50,100,90,Medium
50,100,100,Medium
60,20,10,Medium
60,20,20,Medium
60,20,30,Medium
60,20,40,Medium
60,20,50,Medium
60,20,60,Medium
60,20,70,Medium
60,20,80,High
60,20,90,High
60,20,100,High
60,30,10,Medium
60,30,20,Medium
60,30,30,Medium
60,30,40,Medium
60,30,50,Medium
60,30,60,Medium
60,30,70,Medium
60,30,80,High
60,30,90,High
60,30,100,High
60,40,10,Medium
60,40,20,Medium
60,40,30,Medium
60,40,40,Medium
60,40,50,Medium
60,40,60,Medium
60,40,70,Medium
60,40,80,Medium
60,40,90,High
60,40,100,High
60,50,10,Low
60,50,20,Medium
60,50,30,Medium
60,50,40,Medium
60,50,50,Medium
60,50,60,Medium
60,50,70,Medium
60,50,80,Medium
60,50,90,High
60,50,100,High
60,60,10,Low
60,60,20,Medium
60,60,30,Medium
60,60,40,Medium
60,60,50,Medium
60,60,60,Medium
60,60,70,Medium
60,60,80,Medium
60,60,90,Medium
60,60,100,High
60,70,10,Low
60,70,20,Low
60,70,30,Medium
60,70,40,Medium
60,70,50,Medium
60,70,60,Medium
60,70,70,Medium
60,70,80,Medium
60,70,90,Medium
60,70,100,High
60,80,10,Low
60,80,20,Low
60,80,30,Medium
60,80,40,Medium
60,80,50,Medium
60,80,60,Medium
60,80,70,Medium
60,80,80,Medium
60,80,90,Medium
60,80,100,Medium
60,90,10,Low
60,90,20,Low
60,90,30,Low
60,90,40,Medium
60,90,50,Medium
60,90,60,Medium
60,90,70,Medium
60,90,80,Medium
60,90,90,Medium
60,90,100,Medium
60,100,10,Low
60,100,20,Low
60,100,30,Low
60,100,40,Medium
60,100,50,Medium
60,100,60,Medium
60,100,70,Medium
60,100,80,Medium
60,100,90,Medium
60,100,100,Medium
70,20,10,Medium
70,20,20,Medium
70,20,30,Medium
70,20,40,Medium
70,20,50,Medium
70,20,60,Medium
70,20,70,High
70,20,80,High
70,20,90,High
70,20,100,High
70,30,10,Medium
70,30,20,Medium
70,30,30,Medium
70,30,40,Medium
70,30,50,Medium
70,30,60,Medium
70,30,70,High
70,30,80,High
70,30,90,High
70,30,100,High
70,40,10,Medium
70,40,20,Medium
70,40,30,Medium
70,40,40,Medium
70,40,50,Medium
70,40,60,Medium
70,40,70,Medium
70,40,80,High
70,40,90,High
70,40,100,High
70,50,10,Medium
70,50,20,Medium
70,50,30,Medium
70,50,40,Medium
70,50,50,Medium
70,50,60,Medium
70,50,70,Medium
70,50,80,High
70,50,90,High
70,50,100,High
70,60,10,Medium
70,60,20,Medium
70,60,30,Medium
70,60,40,Medium
70,60,50,Medium
70,60,60,Medium
70,60,70,Medium
70,60,80,Medium
70,60,90,High
70,60,100,High
70,70,10,Low
70,70,20,Medium
70,70,30,Medium
70,70,40,Medium
70,70,50,Medium
70,70,60,Medium
70,70,70,Medium
70,70,80,Medium
70,70,90,High
70,70,100,High
70,80,10,Low
70,80,20,Medium
70,80,30,Medium
70,80,40,Medium
70,80,50,Medium
70,80,60,Medium
70,80,70,Medium
70,80,80,Medium
70,80,90,Medium
70,80,100,High
70,90,10,Low
70,90,20,Low
70,90,30,Medium
70,90,40,Medium
70,90,50,Medium
70,90,60,Medium
70,90,70,Medium
70,90,80,Medium
70,90,90,Medium
70,90,100,High
70,100,10,Low
70,100,20,Low
70,100,30,Medium
70,100,40,Medium
70,100,50,Medium
70,100,60,Medium
70,100,70,Medium
70,100,80,Medium
70,100,90,Medium
70,100,100,Medium
80,20,10,Medium
80,20,20,Medium
80,20,30,Medium
80,20,40,Medium
80,20,50,Medium
80,20,60,High
80,20,70,High
80,20,80,High
80,20,90,High
80,20,100,High
80,30,10,Medium
80,30,20,Medium
80,30,30,Medium
80,30,40,Medium
80,30,50,Medium
80,30,60,High
80,30,70,High
80,30,80,High
80,30,90,High
80,30,100,High
80,40,10,Medium
80,40,20,Medium
80,40,30,Medium
80,40,40,Medium
80,40,50,Medium
80,40,60,Medium
80,40,70,High
80,40,80,High
80,40,90,High
80,40,100,High
80,50,10,Medium
80,50,20,Medium
80,50,30,Medium
80,50,40,Medium
80,50,50,Medium
80,50,60,Medium
80,50,70,High
80,50,80,High
80,50,90,High
80,50,100,High
80,60,10,Medium
80,60,20,Medium
80,60,30,Medium
80,60,40,Medium
80,60,50,Medium
80,60,60,Medium
80,60,70,Medium
80,60,80,High
80,60,90,High
80,60,100,High
80,70,10,Medium
80,70,20,Medium
80,70,30,Medium
80,70,40,Medium
80,70,50,Medium
80,70,60,Medium
80,70,70,Medium
80,70,80,High
80,70,90,High
80,70,100,High
80,80,10,Medium
80,80,20,Medium
80,80,30,Medium
80,80,40,Medium
80,80,50,Medium
80,80,60,Medium
80,80,70,Medium
80,80,80,Medium
80,80,90,High
80,80,100,High
80,90,10,Low
80,90,20,Medium
80,90,30,Medium
80,90,40,Medium
80,90,50,Medium
80,90,60,Medium
80,90,70,Medium
80,90,80,Medium
80,90,90,High
80,90,100,High
80,100,10,Low
80,100,20,Medium
80,100,30,Medium
80,100,40,Medium
80,100,50,Medium
80,100,60,Medium
80,100,70,Medium
80,100,80,Medium
80,100,90,Medium
80,100,100,High
90,20,10,Medium
90,20,20,Medium
90,20,30,Medium
90,20,40,Medium
90,20,50,High
90,20,60,High
90,20,70,High
90,20,80,High
90,20,90,High
90,20,100,High
90,30,10,Medium
90,30,20,Medium
90,30,30,Medium
90,30,40,Medium
90,30,50,High
90,30,60,High
90,30,70,High
90,30,80,High
90,30,90,High
90,30,100,High
90,40,10,Medium
90,40,20,Medium
90,40,30,Medium
90,40,40,Medium
90,40,50,Medium
90,40,60,High
90,40,70,High
90,40,80,High
90,40,90,High
90,40,100,High
90,50,10,Medium
90,50,20,Medium
90,50,30,Medium
90,50,40,Medium
90,50,50,Medium
90,50,60,High
90,50,70,High
90,50,80,High
90,50,90,High
90,50,100,High
90,60,10,Medium
90,60,20,Medium
90,60,30,Medium
90,60,40,Medium
90,60,50,Medium
90,60,60,Medium
90,60,70,High
90,60,80,High
90,60,90,High
90,60,100,High
90,70,10,Medium
90,70,20,Medium
90,70,30,Medium
90,70,40,Medium
90,70,50,Medium
90,70,60,Medium
90,70,70,High
90,70,80,High
90,70,90,High
90,70,100,High
90,80,10,Medium
90,80,20,Medium
90,80,30,Medium
90,80,40,Medium
90,80,50,Medium
90,80,60,Medium
90,80,70,Medium
90,80,80,High
90,80,90,High
90,80,100,High
90,90,10,Medium
90,90,20,Medium
90,90,30,Medium
90,90,40,Medium
90,90,50,Medium
90,90,60,Medium
90,90,70,Medium
90,90,80,High
90,90,90,High
90,90,100,High
90,100,10,Medium
90,100,20,Medium
90,100,30,Medium
90,100,40,Medium
90,100,50,Medium
90,100,60,Medium
90,100,70,Medium
90,100,80,Medium
90,100,90,High
90,100,100,High
100,20,10,Medium
100,20,20,Medium
100,20,30,Medium
100,20,40,High
100,20,50,High
100,20,60,High
100,20,70,High
100,20,80,High
100,20,90,High
100,20,100,High
100,30,10,Medium
100,30,20,Medium
100,30,30,Medium
100,30,40,High
100,30,50,High
100,30,60,High
100,30,70,High
100,30,80,High
100,30,90,High
100,30,100,High
100,40,10,Medium
100,40,20,Medium
100,40,30,Medium
100,40,40,Medium
100,40,50,High
100,40,60,High
100,40,70,High
100,40,80,High
100,40,90,High
100,40,100,High
100,50,10,Medium
100,50,20,Medium
100,50,30,Medium
100,50,40,Medium
100,50,50,High
100,50,60,High
100,50,70,High
100,50,80,High
100,50,90,High
100,50,100,High
100,60,10,Medium
100,60,20,Medium
100,60,30,Medium
100,60,40,Medium
100,60,50,Medium
100,60,60,High
100,60,70,High
100,60,80,High
100,60,90,High
100,60,100,High
100,70,10,Medium
100,70,20,Medium
100,70,30,Medium
100,70,40,Medium
100,70,50,Medium
100,70,60,High
100,70,70,High
100,70,80,High
100,70,90,High
100,70,100,High
100,80,10,Medium
100,80,20,Medium
100,80,30,Medium
100,80,40,Medium
100,80,50,Medium
100,80,60,Medium
100,80,70,High
100,80,80,High
100,80,90,High
100,80,100,High
100,90,10,Medium
100,90,20,Medium
100,90,30,Medium
100,90,40,Medium
100,90,50,Medium
100,90,60,Medium
100,90,70,High
100,90,80,High
100,90,90,High
100,90,100,High
100,100,10,Medium
100,100,20,Medium
100,100,30,Medium
100,100,40,Medium
100,100,50,Medium
100,100,60,Medium
100,100,70,Medium
100,100,80,High
100,100,90,High
100,100,100,High
